JPM,KO,XOM,JNJ,WMT,DIS,IBM
0.044046363918171974,0.06441105403631453,0.22030916388950564,0.07737289390398738,0.2937274371377656,0.1337844794660767,0.16634860764817824
