JPM,KO,XOM,JNJ,WMT,DIS,IBM
2.9679628779632336e-05,0.01389172058443175,0.23852413978400247,0.1750336554015921,0.1043366751521729,0.399265450203335,0.06891867924568625
